Бренд;Коллекция;цвет;название файла
ProfOffice;Fermo;ВЕНГЕ;profoffice-wenge
ProfOffice;Fermo;ДУБ СВЕТЛЫЙ;profoffice-light-oak
ProfOffice;Rola;ТАБАК;profoffice-tabak
ProfOffice;Rola;ГАВАНА;profoffice-gavana
ProfOffice;Exe;ОРЕХ МАРОНЕ;profoffice-marone
ProfOffice;Exe;ДУБ ФЛОРЕ;profoffice-flore
ProfOffice;Ronan;ЧЕРНЫЙ-АЛЮМ;profoffice-black-leather
ProfOffice;Play;СЕРЫЙ;profoffice-grey-textile
ProfOffice;Play;ЧЕРНЫЙ;profoffice-black-textile
ProfOffice;Felicia;БЕЖЕВЫЙ;profoffice-beige
ProfOffice;Senator;ЧЕРН/ВЕНГЕ;profoffice-black-wenge
ProfOffice;Senator;БЕЖ/ОРЕХ;profoffice-beige-walnut
ProfOffice;Nuvola;СЕРЫЙ M;profoffice-grey-felt
ProfOffice;Elegance;ЗЕЛЕНЫЙ;profoffice-green-felt
ProfOffice;Pinko;ЧЕРН/СЕРЫЙ/ХРОМ;profoffice-black-chrome
ProfOffice;Bora;ДУБ СВЕТЛЫЙ;profoffice-light-oak
ProfOffice;Secret;БЕЛЫЙ/ГРАФИТ;profoffice-white-grafit
ProfOffice;Magna;ЧЕРНЫЙ/ХРОМ;profoffice-black-chrome
ProfOffice;Acta;БЕЛЫЙ;profoffice-white-melamin
ProfOffice;Mikonos;БЕЛЫЙ/КОЖА;profoffice-white-leather
ProfOffice;Mikonos;ЧЕРНЫЙ/КОЖА;profoffice-black-leather
ProfOffice;Capella;ВЕНГЕ/ХРОМ;profoffice-wenge-chrome
ProfOffice;Capella;ДУБ СВЕТЛЫЙ/ХРОМ;profoffice-light-oak-chrome
ProfOffice;Capella;СТЕКЛ/ХРОМ;profoffice-glass-chrome
ProfOffice;Eva;ЧЕРНЫЙ;profoffice-black
ProfOffice;Eva;БЕЖЕВЫЙ;profoffice-beige
ProfOffice;Napoleon;КОРИЧНЕВЫЙ;profoffice-brown
ProfOffice;Vispo Wood;ДУБ ФЛОРЕ/ЧЕРНЫЙ;profoffice-flore-black
ProfOffice;Vispo Wood;ОРЕХ МАРОНЕ/ЧЕРНЫЙ;profoffice-marone-black
ProfOffice;Plaza;КОРИЧНЕВЫЙ;profoffice-brown2
Involux;Terra;КАПУЧИНО;involux-capuchino
Involux;Terra;МАЛИ;involux-mali
Involux;Lava;ТАБАК;involux-tabak
Involux;Lava;ГАВАНА;involux-gavana
Della Rovere;Doge;ОРЕХ/ТАНГА;dellarovere-tanga-walnut
Della Rovere;ll Conte;ОРЕХ;dellarovere-walnut
Fantoni;MultipliCEO;ДУБ ТЕМНЫЙ;fantoni-dark-oak
Fantoni;MultipliCEO;ЧЕРНЫЙ;fantoni-black
Fantoni;Extra Long;БЕЛЫЙ;fantoni-white
Goodfurniture;Cannes;ОРЕХ;goodfurniture-walnut
Goodfurniture;Cannes;ПАЛИСАНДР;goodfurniture-palisandr
Goodfurniture;Palladio;ОРЕХ АМЕРИКАНСКИЙ;goodfurniture-american-walnut
Goodfurniture;Selecta;ПАЛИСАНДР СОМБРЕ;goodfurniture-palisandr-sombre
Martex;HaN Zebrano;ЗЕБРАНО;martex-zebrano
Martex;Han (распродажа);ТЕМНЫЙ ДУБ;martex-dark-oak
Martex;Kyo;ОРЕХ/БЕЛЫЙ;martex-walnut
Martex;Kyo;БЕЛЫЙ ГЛЯН;martex-white-gloss
Martex;Kyo;ЧЕРНЫЙ;martex-black
Martex;Kyo;БЕЛЫЙ;martex-white
Martex;Kyo;БЕЛЫЙ МАТ;martex-white-mat
Moder;StartUp/Activa;БЕЛЫЙ;moder-white
Moder;StartUp/Activa;ДУБ СВЕТЛЫЙ;moder-light-oak
Moder;Lord;ОРЕХ;moder-walnut
Moder;Lord;ЭБОНИ;moder-ebony
New Form;Imperial;ОРЕХ КАНАЛЕТТО;newform-canaletto
Modula;Napoli;ОРЕХ;modula-walnut
Modula;Dali;ВЕНГЕ;modula-wenge
Modula;Ischia (распродажа);ВИШНЯ;modula-cherry
Sinetica;Ekis;ДУБ ТЕМНЫЙ;sinetica-dark-oak
Sinetica;Ekis;ДУБ СВЕТЛЫЙ;sinetica-light-oak
Sinetica;Ekis;ОРЕХ;sinetica-walnut
Sinetica;Tao Cotto;ДУБ ЖЖЕНЫЙ;sinetica-cotto
Sinetica;Tao Cotto;ЭБОНИ;sinetica-ebony
Sinetica;Frame Glass;ЧЕРНЫЙ;sinetica-black
Sinetica;Sigma (распродажа);КЛЕН;sinetica-klen
Sinetica;Cherry (распродажа);ВИШНЯ;sinetica-cherry
Sinetica;Factory Light;БЕЛЫЙ;sinetica-white
Sinetica;Factory Cotto;БЕЛОЕ СТЕКЛО;sinetica-white-glass
Sinetica;Factory Cotto;ЧЕРНОЕ СТЕКЛО;sinetica-black-glass
R.A.Mobili;Sirio (распродажа);MADRONA BRILL;ramobili-madrona-brill
Formichi;Regency (распродажа);ТЕМНЫЙ ОРЕХ;formichi-dark-walnut
Codutti;Minos (распродажа);БУБИНГА;codutti-bubinga
Prof (Италия);Slim (распродажа);ЗЕБРАНО;prof-zebrano
Narbutas;Трибуна Odeon;ГРУША;narbutas-grusha
Arper;Catifa;БЕЛЫЙ;arper-white
Arper;Catifa;БЕЛ+ЧЕРН;arper-black-white
Arper;Catifa;ЧЕРНЫЙ;arper-black
Asis;Suit;ЧЕРНЫЙ;asis-black
Asis;Suit;ОРАНЖ;asis-orange
Asis;Suit;ЗЕЛЕНЫЙ;asis-green
Asis;Follow;СЕРЫЙ/ЧЕРНЫЙ;asis-grey-black
New Line Office;Paris;ПАЛ/ЧЕРН;newlineoffice-palisandr-black
New Line Office;Paris;ОРЕХ/ЧЕРН;newlineoffice-walnut-black
New Line Office;Paris;ЧЕРНЫЙ;newlineoffice-black
New Line Office;Zeus;черный/орех;newlineoffice-black-walnut
New Line Office;Zeus;ОРЕХ-АНТР;newlineoffice-antracit-walnut
Dauphin;Cento Miglia;ЧЕРНЫЙ;dauphin-black
Dazato;Quaranta;ОРЕХ;dauphin-walnut
Dazato;Quaranta;ВЕНГЕ;dazato-wenge
Dazato;Dico;Т.ОРЕХ/ЧЕРНЫЙ;dazato-walnut-black
Dazato;Dico;ВЕНГЕ/БЕЖ;dazato-wenge-beige
Interstuhl;Mitos, Champ;ЧЕРНЫЙ/КОЖА;interstuhl-black-leather
Interstuhl;Mitos, Champ;ЧЕРНЫЙ/ХРОМ;interstuhl-black-textile
Interstuhl;Champ для сотрудников;ЧЕРНЫЙ/;interstuhl-black-textile
Interstuhl;Every Mesh;БЕЛЫЙ/ЧЕРНЫЙ;interstuhl-white-black
Interstuhl;Every Chillback;ЧЕРНЫЙ/СЕРЫЙ;interstuhl-grey
Interstuhl;Pios;ЧЕРНЫЙ/ПОЛОСКА;interstuhl-black-stripes
Interstuhl;Hero;ЧЕР/СЕРЫЙ;interstuhl-grey-black
Interstuhl;Your;ЧЕРНЫЙ;interstuhl-black-textile
Interstuhl;Vintage (руководит);ЧЕРНЫЙ ПЕРФ./ХРОМ;interstuhl-black-perfor
Interstuhl;Vintage (на полозьях);ЧЕРНЫЙ/ХРОМ;interstuhl-black-leather
Interstuhl;Yourope;СЕРЫЙ;interstuhl-prosedia-grey
Luxy;Aire JR;ДЫМ/ПРОЗР;luxy-smoke-black
Luxy;Aire JR;ЧЕРНЫЙ;luxy-black
Luxy;Light Mesh;ЧЕРН-СЕТКА;luxy-black-mesh
Luxy;Nulite-Pad;БЕЛЫЙ;luxy-white
Safari;Maxus A;ЧЕРНЫЙ;safari-black-leather
Safari;Meredien;ЧЕРНЫЙ/;safari-black-textile
Safari;Maxus D;ПАЛ/ЧЕРН;safari-black-palisandr
Safari;Maxus D;ОРЕХ/ЧЕРНЫЙ;safari-black-walnut
Sitland;Madera/Passe-Partout;БЕЖ/ОРЕХ;sitland-beige-walnut
Sitland;Madera/Passe-Partout;БЕЖ/ВЕНГЕ;sitland-beige-wenge
Sitland;Madera/Passe-Partout;БЕЖ/СВ.ДУБ;sitland-beige-light-oak
Sitland;Madera/Passe-Partout;ЧЕРН/ВЕНГЕ;sitland-black-wenge
Sitland;Path;ЧЕРНЫЙ;sitland-black
UE Furniture;Miro-3;ЧЕРНЫЙ;ue-black
Wilkhahn;Modus;ШОКОЛАДНЫЙ;wilkhahn-chocolate
Офис-Ост;Коврик Eco-grip;прозрачный;ost-ofis-transparent
Brunoffice;Системы хранения Uni;СЕР-АЛЮМ;brunooffice-grey-alum
Brunoffice;Системы хранения Uni;Белый;brunooffice-white
Torre;Toledo;ЧЕРН/ПОЛ.АЛЮМ.;torre-black
Torre;Norway;ЧЕРНЫЙ;torre-black-textile
Torre;Madrid;БЕЖЕВЫЙ;torre-beige
Torre;Tower;СВ.ДУБ;torre-light-oak
Torre;Tower;ТЕМ.ДУБ;torre-dark-oak
Torre;Tabula;ВЕНГЕ;torre-wenge
Torre;Tabula;БЕЛЫЙ;torre-white
Torre;Tabula;КРАСНЫЙ;torre-red
Torre;Byblos;СТЕКЛО МАТОВОЕ;torre-mat-glass
Torre;Rhodos;КОРИЧ/ХРОМ;torre-brown-chrome
Torre;Rhodos;ЧЕРНЫЙ/ХРОМ;torre-black-chrome
Torre;Arco;СТЕКЛО;torre-glass
Torre;Slim;СВ.СЕР;torre-grey
Cetof;Mix;ГОЛУБОЙ;cetof-blue
Cetof;Mix;ЧЕРНЫЙ;cetof-black
Cetof;Mix;ЗЕЛЕНЫЙ;cetof-green
Unilux;Advantage;ЧЕРНЫЙ;unilux-black
Unilux;часы Wood;ОРЕХ СВЕТЛ;unilux-walnut
Unilux;Solo вешалка;СЕРЫЙ;unilux-grey
Caimi Brevetti;Сервировочный стол Miami;Caimi Brevetti;caimi-caimi
Caimi Brevetti;Prima;СЕРЫЙ;caimi-grey2
Caimi Brevetti;Eva (серый другой);СЕРЫЙ;caimi-grey
Caimi Brevetti;Eva (серый другой);ЧЕРНЫЙ;caimi-black
Caimi Brevetti;Лампа Battista;ХРОМ;caimi-chrome
Caimi Brevetti;Forme (корзина);алюминиевый;caimi-alum
Caimi Brevetti;Mega LED;алюминий;caimi-megaalum
